iso_time,book_name
2025-01-08T11:00:00,大问题 - 简明哲学导论（第六版）
2025-01-08T11:00:00,你的第一本哲学书 = What Does It All Mean?: A Very Short Introduction to Philosophy
2025-01-07T18:25:00,乌合之众 (果麦经典)
2025-01-07T18:25:00,乌合之众(法文原版中译本)(果麦经典)
2025-01-07T15:21:00,激活你的学习脑
2025-01-07T15:17:00,激活你的学习脑
2025-01-05T19:41:00,十年 从改变电视的语态开始 修订版
2025-01-05T19:27:00,小崔说事
2025-01-05T19:27:00,有话说
2025-01-05T19:27:00,不过如此
2025-01-05T12:51:00,看见
2025-01-03T19:13:00,被讨厌的勇气：“自我启发之父”阿德勒的哲学课 = 嫌われる勇気：自己啓発の源流「アドラー」の教え
2025-01-03T18:25:00,不要因为走得太远而忘记为什么出发——陈虻，我们听你讲(图文完整版)（独家揭示中国纪录片之父核心思想，新闻界精神领袖首部绝版思想文集） (央视评论部二十年)
2024-12-29T12:09:00,这样装修超省钱
2024-12-29T12:09:00,这样装修不后悔
2024-12-28T20:28:00,装修，做好三件事就够了
2024-12-28T20:28:00,装修，做好三件事就够了（资深建筑师三步帮你理清装修流程思路，500＋图片超详细图解，装修小白也能一看就会做！后浪出品）
2024-12-28T20:27:00,住宅精细化设计
2024-12-28T20:26:00,住宅精细化设计 2
2024-12-28T20:26:00,小家大变局
2024-12-28T20:26:00,小家大变局
2024-12-25T12:51:00,React Cookbook: Recipes for Mastering the React Framework
2024-12-25T12:51:00,"Full-Stack React Projects: Modern web development using React 16, Node, Express, and MongoDB"
2024-12-25T12:51:00,"The Complete Developer: Master the Full Stack With TypeScript, React, Next.js, MongoDB, and Docker"
2024-12-25T12:51:00,The Road to React
2024-12-25T12:51:00,The Road to learn React: Your journey to master plain yet pragmatic React.js
2024-12-25T12:51:00,Learning React: Modern Patterns for Developing React Apps
2024-12-24T11:36:00,哲学·科学·常识
2024-12-24T09:57:00,哲学·科学·常识
2024-12-21T20:36:00,小家，越住越大 1
2024-12-21T20:36:00,小家，越住越大
2024-12-21T19:39:00,小家，越住越大2
2024-12-21T19:38:00,小家，越住越大3
2024-12-21T19:38:00,小家，越住越大
2024-12-21T19:38:00,装修常用数据手册：空间布局和尺寸
2024-12-20T10:55:00,"工作、消费主义和新穷人 = Work, Consumerism and the New Poor"
2024-12-19T15:09:00,旁观者：管理大师德鲁克回忆录(珍藏版)
2024-12-19T11:09:00,乌合之众：大众心理研究（法语直译，未删减版，独家收录《论自愿为奴》） (译林人文精选)
2024-12-18T09:40:00,吴军阅读与写作讲义 - 构建理解他人、表达自我的能力
2024-12-18T09:38:00,吴军数学通识讲义
2024-12-18T09:38:00,态度
2024-12-18T09:38:00,见识：商业的本质和人生的智慧
2024-12-16T15:25:00,奈飞文化手册
2024-12-16T15:21:00,卓有成效的管理者(珍藏版)
2024-12-15T08:21:00,吴军 · 硅谷来信
2024-12-15T08:13:00,大学之路：陪女儿在美国选大学
2024-12-15T08:13:00,大学之路：陪女儿在美国选大学（上）
2024-12-15T08:11:00,吴军的谷歌方法论
2024-12-15T08:11:00,大学之路 下册
2024-12-15T08:09:00,吴军硅谷来信（全集）
